FirstName,LastName,Password
Jessa,Methuen,P@ssword$
Simonne,Duggleby,P@ssword$
Dyane,Fluger,P@ssword$
Elisabeth,Mattaser,P@ssword$
Sophronia,Brigge,P@ssword$
Dennis,Hing,P@ssword$
Clem,Rohlfs,P@ssword$
Eduino,Ashling,P@ssword$
Ludvig,Villalta,P@ssword$
Adriaens,De Banke,P@ssword$
Darrel,Grassi,P@ssword$
Quinton,Danks,P@ssword$
Ariadne,Lambotin,P@ssword$
Andie,Wolverson,P@ssword$
Quincey,Chipman,P@ssword$
Cyndi,Raleston,P@ssword$
Merl,Ozelton,P@ssword$
Lombard,Kristof,P@ssword$
Leland,Tarpey,P@ssword$
Shanna,Andriulis,P@ssword$
Kirstin,Oxtoby,P@ssword$
Alyss,Beacroft,P@ssword$
Danita,Orridge,P@ssword$
Charlotte,Tainton,P@ssword$
Clive,Pilpovic,P@ssword$
Kennan,MacNeillie,P@ssword$
Eryn,Pleaden,P@ssword$
Donelle,Osboldstone,P@ssword$
Gerik,Stebbings,P@ssword$
Daryl,McCrackan,P@ssword$
Kalil,Haet,P@ssword$
Karoly,Wehden,P@ssword$
Waite,Blouet,P@ssword$
Sheila-kathryn,Geare,P@ssword$
Lilyan,Gayle,P@ssword$
Calhoun,Malyan,P@ssword$
Evanne,St. Paul,P@ssword$
Thebault,Dowzell,P@ssword$
Stanley,Passie,P@ssword$
Ansell,Dorman,P@ssword$
Hunt,Cockarill,P@ssword$
Maridel,Hanby,P@ssword$
Marcello,Buist,P@ssword$
Rozella,Rive,P@ssword$
Ferris,Fourcade,P@ssword$
Tripp,Fairney,P@ssword$
Hernando,Vallentine,P@ssword$
Renaud,Bassett,P@ssword$
Tessa,Moulden,P@ssword$
Kristofer,Pampling,P@ssword$
Joeann,Gilstin,P@ssword$
Guthrie,Reisenberg,P@ssword$
Samara,Cleator,P@ssword$
Byran,Rabb,P@ssword$
Issy,Meddemmen,P@ssword$
Walliw,Kleinmann,P@ssword$
Wilton,Sherrin,P@ssword$
Sigfrid,McGreay,P@ssword$
Duky,Linney,P@ssword$
Eal,Tewkesbury,P@ssword$
Rory,Sherewood,P@ssword$
Madalena,Threadgold,P@ssword$
Wendel,Gawne,P@ssword$
Boyce,Tout,P@ssword$
Marcel,Pardew,P@ssword$
Ryley,Smeaton,P@ssword$
Emlynn,Gamlyn,P@ssword$
Hetty,Moxson,P@ssword$
Karee,Rodge,P@ssword$
Goldia,Scanlon,P@ssword$
Faina,Sterrie,P@ssword$
Arlene,Woakes,P@ssword$
Zechariah,McSporrin,P@ssword$
Aimil,Goodge,P@ssword$
Susana,Eastcott,P@ssword$
Madelaine,Simoncini,P@ssword$
King,Seide,P@ssword$
Emmit,Comiam,P@ssword$
Tawnya,Gregon,P@ssword$
Putnem,Vertigan,P@ssword$
Meghann,Pristnor,P@ssword$
Tiffy,Tolumello,P@ssword$
Amalea,Rainbird,P@ssword$
Timmie,Lawlee,P@ssword$
Vonny,Relph,P@ssword$
Hilario,Anthonsen,P@ssword$
Vere,Chittey,P@ssword$
Kelci,MacConnulty,P@ssword$
Krystle,Kennelly,P@ssword$
Gene,Hopfer,P@ssword$
Jayme,Bandiera,P@ssword$
Luciana,Peskett,P@ssword$
Caroljean,Crockatt,P@ssword$
Barbe,Jakeman,P@ssword$
Cobb,Dourin,P@ssword$
Wilek,Rotchell,P@ssword$
Cristobal,Follacaro,P@ssword$
Issiah,Lensch,P@ssword$
Dorella,Smythin,P@ssword$
Adams,Crehan,P@ssword$
Stoddard,Barz,P@ssword$
Cassie,Odby,P@ssword$
Seward,Macia,P@ssword$
Alysia,Goodlett,P@ssword$
Pearla,Mayoh,P@ssword$
Prisca,Drinkale,P@ssword$
Lawrence,Yakovitch,P@ssword$
Cicely,Han,P@ssword$
Lonna,Binestead,P@ssword$
Ancell,Trusdale,P@ssword$
Rouvin,Kyrkeman,P@ssword$
Jarrett,Bortolini,P@ssword$
Uri,Bonas,P@ssword$
Clarette,Boyda,P@ssword$
Cristabel,Furness,P@ssword$
Darcey,Antonsson,P@ssword$
Wadsworth,Sabate,P@ssword$
Michelina,Petzolt,P@ssword$
Amargo,Sealand,P@ssword$
Xena,Schruur,P@ssword$
Humberto,Muckian,P@ssword$
Erinna,Northridge,P@ssword$
Doe,Lambkin,P@ssword$
Alana,Rasell,P@ssword$
Birgitta,Maddick,P@ssword$
Garald,Ibarra,P@ssword$
Vinni,Gerrell,P@ssword$
Ogdon,Volleth,P@ssword$
Nicki,Dakers,P@ssword$
Sheffield,Hackney,P@ssword$
Beverly,Greenier,P@ssword$
Celesta,Langford,P@ssword$
Katie,Friberg,P@ssword$
Neal,Duckers,P@ssword$
Florri,Cleaver,P@ssword$
Laureen,Fearns,P@ssword$
Claribel,Krabbe,P@ssword$
Jemmy,Holmes,P@ssword$
Virgilio,Pococke,P@ssword$
Correy,Exroll,P@ssword$
Corilla,Innis,P@ssword$
Sarene,Riquet,P@ssword$
Bella,England,P@ssword$
Ashlie,Govinlock,P@ssword$
Locke,Swadon,P@ssword$
Ely,Saffle,P@ssword$
Natal,Archibald,P@ssword$
Tammara,Marrable,P@ssword$
Atlante,Kill,P@ssword$
Jerrylee,Rustidge,P@ssword$
Chrystal,Baroc,P@ssword$
Querida,Sparkes,P@ssword$
Harrie,Doggrell,P@ssword$
Onfroi,Faivre,P@ssword$
Woodie,Morewood,P@ssword$
Cal,Fitton,P@ssword$
Dawn,Rowden,P@ssword$
Rochette,Lightbown,P@ssword$
Ivor,Hinchcliffe,P@ssword$
Vanessa,de Wilde,P@ssword$
Thain,Piegrome,P@ssword$
Waneta,Chesters,P@ssword$
Ynez,Scamwell,P@ssword$
Kerry,Dello,P@ssword$
Romain,Karadzas,P@ssword$
Georgena,Travers,P@ssword$
Dermot,Topham,P@ssword$
Ofella,Grzelczyk,P@ssword$
Domeniga,Craigg,P@ssword$
Ker,Epine,P@ssword$
Lacey,Tebbut,P@ssword$
Clo,Gentreau,P@ssword$
Dacia,Ferruzzi,P@ssword$
Ruby,Urridge,P@ssword$
Dore,Ryles,P@ssword$
Edmon,Kundt,P@ssword$
Amalie,Stonner,P@ssword$
Fielding,Cruddas,P@ssword$
Jade,Teesdale,P@ssword$
Kristoforo,Kytter,P@ssword$
Debora,Haspineall,P@ssword$
Reynolds,Dugood,P@ssword$
Blake,Monro,P@ssword$
Bridget,Wogan,P@ssword$
Marve,Boxill,P@ssword$
Vern,Trase,P@ssword$
Radcliffe,Lewsley,P@ssword$
Juan,Wattam,P@ssword$
Ambrosio,Broom,P@ssword$
Garrot,Andrivot,P@ssword$
Suzi,Gillie,P@ssword$
Forster,Vanacci,P@ssword$
Rudolph,Pettendrich,P@ssword$
Reece,Glassopp,P@ssword$
Bernardina,Piolli,P@ssword$
Sandy,Bantham,P@ssword$
Austine,Schimek,P@ssword$
Tobi,Diggle,P@ssword$
Janifer,Urlich,P@ssword$
Annemarie,Abramson,P@ssword$
